col_name,meaning
D1,AGE
D2,GRADE
D3,GENDER
OTHER_RACE,RECODE of RACE
WHITE,RECODE of RACE
BLACK,RECODE of RACE
HISPANIC,RECODE of RACE
D5A,PEOPLE LIVING WITH NOW: MOTHER(S)
D5B,PEOPLE LIVING WITH NOW: STEPMOTHER
D5C,PEOPLE LIVING WITH NOW: FOSTER MOTHER
D5D,PEOPLE LIVING WITH NOW: GRANDMOTHER
D5E,PEOPLE LIVING WITH NOW: AUNT
D5F,PEOPLE LIVING WITH NOW: FATHER(S)
D5G,PEOPLE LIVING WITH NOW: STEPFATHER
D5H,PEOPLE LIVING WITH NOW: FOSTER FATHER
D5I,PEOPLE LIVING WITH NOW: GRANDFATHER
D5J,PEOPLE LIVING WITH NOW: UNCLE
D5K,PEOPLE LIVING WITH NOW: OTHER ADULTS
D5L,PEOPLE LIVING WITH NOW: BROTHER(S)
D5M,PEOPLE LIVING WITH NOW: STEPBROTHER(S)
D5N,PEOPLE LIVING WITH NOW: SISTER(S)
D5O,PEOPLE LIVING WITH NOW: STEPSISTER(S)
D5P,PEOPLE LIVING WITH NOW: OTHER CHILDREN
D8,LANGUAGE SPOKEN AT HOME
D9,HIGHEST SCHOOLING FATHER
D10,HIGHEST SCHOOLING MOTHER
D11,WHERE LIVING NOW
Q13,WHAT WERE YOUR LAST YEARS GRADES
Q738,SCHOOL DAYS MISSED: SKIPPED
FL48b,SKIPPED SCHOOL BECAUSE OF BULLYING
FL60X,PHYSICALLY BULLIED BY OTHERS
FL61X,VERBALLY BULLIED BY OTHERS
FL62X,CYBER BULLING BY OTHERS
FL63X,PHYSICALLY BULLIED OTHERS
FL64X,VERBALLY BULLIED OTHERS
FL65X,CYBER BULLIED OTHERS
Q14,STUDENTS GIVEN CHANCES TO DECIDE
Q2891,TEACHERS ASK ME TO WORK ON SPECIAL PROJCTS
Q15,TEACHER PRAISES ME FOR GOOD WORK
Q2057,CHANCES FOR SCHOOL ACTIVITIES OUTSIDE CLASS
Q17,CAN TALK TO TEACHERS ONE ON ONE
Q18,I FEEL SAFE AT MY SCHOOL
Q21,SCHOOL TELLS PARENTS WHEN I DO WELL
Q731,TEACHERS PRAISE ME FOR HARD WORK
Q23,ARE YOUR GRADES BETTER THAN OTHERS
Q3668,CHANCES TO BE PART OF DISCUSSIONS OR ACTIVITIES
Q58A,HOW MANY OF 4 BEST FRIENDS: SMOKED CIGARETTES?
Q58B,HOW MANY OF 4 BEST FRIENDS: TRIED ALCOHOL?
Q58C,HOW MANY OF 4 BEST FRIENDS: USED MARIJUANA?
FL700,HOW MANY OF 4 BEST FRIENDS: VAPED NICOTINE?
FL701,HOW MANY OF 4 BEST FRIENDS: VAPED MARIJUANA?
FL68,HOW MANY OF 4 BEST FRIENDS: USED PRESCRIPTION DRUGS?
Q3681,SCHOOL WORK IS MEANINGFUL AND IMPORTANT
Q3682,HOW INTERESTING ARE COURSES
Q3683,HOW IMPORTANT LEARNING FOR LATER LIFE
Q3684,HOW OFTEN: ENJOY SCHOOL
Q3685,HOW OFTEN: HATE SCHOOL
Q3686,HOW OFTEN: DO BEST WORK IN SCHOOL
Q60A,AGE FIRST: SMOKED MARIJUANA
Q60B,AGE FIRST: SMOKED CIGARETTES
FL702,AGE FIRST: VAPED NICOTINE
FL703,AGE FIRST: VAPED MARIJUANA
Q60C,AGE FIRST: DRANK ALCOHOL
Q60D,AGE FIRST: DRINK ALCOHOL REGULARLY
Q60E,AGE FIRST: SUSPENDED FROM SCHOOL
Q60F,AGE FIRST: ARRESTED
Q60G,AGE FIRST: CARRIED HANDGUN
Q60H,AGE FIRST: ATTACKED TO HURT
Q61A,HOW WRONG: TAKE HANDGUN TO SCHOOL
Q61B,HOW WRONG: STEAL ITEM WORTH MORE \$5
Q61C,HOW WRONG: PICK FIGHT
Q61D,HOW WRONG: ATTACK TO HURT
Q61E,HOW WRONG: STAY AWAY FROM SCHOOL ALL DAY
Q67A,HOW WRONG: DRINK ALCOHOL REGULARLY
Q67B,HOW WRONG: SMOKE CIGARETTES
Q67C,HOW WRONG: SMOKE MARIJUANA
FL704,HOW WRONG: VAPE NICOTINE
FL705,HOW WRONG: VAPE MARIJUANA
Q67D,HOW WRONG: USE ILLEGAL DRUGS
FL40,Actively participate in: School Sports
FL41,Actively participate in: Organized Sports Outside of School
FL42,Actively participate in: School Band
FL43,Actively participate in: School Club(s)
FL44,Actively participate in: Community Club(s)
Q59AX,Friends feel it would be wrong: DRINK ALCOHOL REGULARLY?
Q59BX,Friends feel it would be wrong: Smoke Tobacco?
Q59CX,Friends feel it would be wrong: Smoke Marijuana?
FL706,Friends feel it would be wrong: Vape Nicotine?
FL707,Friends feel it would be wrong: Vape Marijuana?
Q59DX,Friends feel it would be wrong: Use Rx Drugs?
Q54,HOW FREQUENTLY DO YOU ATTEND RELIGIOUS SERIVCES?
FL6,LIFE NOT WORTH IT
FL7,I THINK I AM NO GOOD
FL8,I AM A FAILURE
FL9,DEPRESSED MOST DAYS
FL708,NO OCCASIONS (12 MONTHS): DIGITAL SELF HARM?
FL709,NO OCCASIONS (30 DAYS): DIGITAL SELF HARM?
Q3687,HOW MUCH RISK: SMOKE ONE OR MORE PACKS A DAY
Q3679,HOW MUCH RISK: TRY MARIJUANA 1 OR 2 TIMES
Q3688X,HOW MUCH RISK: SMOKE MARIJUANA ONCE TWICE WEEK
FL710,HOW MUCH RISK: VAPE NICOTINE
FL711,HOW MUCH RISK: VAPE MARIJUANA
Q3680,HOW MUCH RISK: 1 OR 2 DRINKS NEARLY EVERY DAY
FL120,HOW MUCH RISK: BINGE DRINKING
FL116,HOW MUCH RISK: TAKING RX DRUGS WITHOUT DOCTORS ORDER
U3,EVER SMOKED CIGARETTES?
U4,FREQUENCY (30 DAY): CIGARETTES
U5,NO OCCASIONS (LIFETIME): ALCOHOL
U6,NO OCCASIONS (30 DAYS): ALCOHOL
U7,NO OCCASIONS (2 WKS): 5 OR MORE DRINKS
FL10,NO OCCASIONS (LIFETIME): MARIJUANA/HASHISH
FL11,NO OCCASIONS (30 DAY): MARIJUANA/HASHISH
FL712,NO OCCASIONS (LIFETIME): VAPE NICOTINE
FL713,NO OCCASIONS (30 DAY): VAPE NICOTINE
FL714,NO OCCASIONS (LIFETIME): VAPE MARIJUANA
FL715,NO OCCASIONS (30 DAY): VAPE MARIJUANA
U10,NO OCCASIONS (LIFETIME): INHALANTS
U11,NO OCCASIONS (30 DAYS): INHALANTS
U16,NO OCCASIONS (LIFETIME): METHAMPHETAMINE
U17,NO OCCASIONS (30 DAY): METHAMPHETAMINE
FL49,NO OCCASIONS (LIFETIME): CLUB DRUGS
FL50,NO OCCASIONS (30 DAY): CLUB DRUGS
FL66,NO OCCASIONS (LIFETIME): LSD+
FL67,NO OCCASIONS (30 DAYS): LSD+
FL51,NO OCCASIONS (LIFETIME): COCAINE OR CRACK
FL52,NO OCCASIONS (30 DAY): COCAINE OR CRACK
U30X,NO OCCASIONS (LIFETIME): DEPRESSANTS
U31X,NO OCCASIONS (30 DAYS): DEPRESSANTS
FL46,NO OCCASIONS (LIFETIME): PRESCRIPTION PAIN RELIEVERS
FL47,NO OCCASIONS (30 DAYS): PRESCRIPTION PAIN RELIEVERS
FL55,NO OCCASIONS (LIFETIME): OVER-THE-COUNTER DRUGS
FL56,NO OCCASIONS (30 DAY): OVER-THE-COUNTER DRUGS
FL24,NO OCCASIONS (LIFETIME): AMPHETAMINES (RITALIN or ADDERALL)
FL25,NO OCCASIONS (30 DAY): AMPHETAMINES (RITALIN or ADDERALL)
U24,NO OCCASIONS (LIFETIME): HEROIN
U25,NO OCCASIONS (30 DAYS): HEROIN
FL502,DO WHAT BRINGS ME PLEASURE NO MATTER WHAT
FL503,MORE CONCERNED WITH SHORT RUN THAN LONG RUN
FL504,EXCITING TO DO THINGS THAT GET ME IN TROUBLE
FL505,EXCITEMENT AND ADVENTURE MORE IMPORTANT THAN SECURITY
FL506,STAY OUT OF MY WAY WHEN I AM ANGRY
FL507,HARD TO TALK CALMLY WHEN HAVING A SERIOUS DISAGREEMENT
Q25,HOW EASY TO GET ALCOHOL?
Q26,HOW EASY TO GET CIGARETTES?
Q28,HOW EASY TO GET HARD DRUGS?
Q30,HOW EASY TO GET HANDGUN?
Q32,HOW EASY TO GET MARIJUANA?
Q27,WOULD KID BE CAUGHT SMOKING MARIJUANA?
Q29,WOULD KID BE CAUGHT DRINKING ALCOHOL?
Q33A,HOW WRONG NEIGHBORHOOD ADULTS THINK: KIDS USING MARIJUANA
Q33B,HOW WRONG NEIGHBORHOOD ADULTS THINK: KIDS USING ALCOHOL
Q33C,HOW WRONG NEIGHBORHOOD ADULTS THINK: KIDS USING CIGARETTE
Q103A,NEIGHBORHOOD HAS: CRIME AND DRUGS
Q103B,NEIGHBORHOOD HAS: FIGHTS
Q103C,NEIGHBORHOOD HAS: LOTS OF ABANDONED BUILDINGS
Q103D,NEIGHBORHOOD HAS: LOTS OF GRAFFITI
Q104,HOW MANY TIMES CHANGED HOMES SINCE KINDERGARTEN
Q106,HAVE YOU CHANGED SCHOOLS IN PAST YEAR
Q108,HOW MANY TIMES CHANGED SCHOOLS SINCE KINGERGARTEN
Q110,CHANGED HOMES IN PAST YEAR
Q107,I FEEL SAFE IN MY NEIGHBORHOOD
Q66A,NUMBER OF TIMES (12 MOS): BEEN SUSPENDED
Q66B,NUMBER OF TIMES (12 MOS): CARRIED HANDGUN
Q66C,NUMBER OF TIMES (12 MOS): SOLD ILLEGAL DRUGS
Q66D,NUMBER OF TIMES (12 MOS): STOLEN VEHICLE
Q66E,NUMBER OF TIMES (12 MOS): BEEN ARRESTED
Q66F,NUMBER OF TIMES (12 MOS): ATTACKED TO HURT
Q66H,NUMBER OF TIMES (12 MOS): HANDGUN TO SCHOOL
FL122,NUMBER OF TIMES (12 MOS): DRANK BEFORE OR DURING SCHOOL
FL123,NUMBER OF TIMES (12 MOS): SMOKED MARIJUANA BEFORE OR DURING SCHOOL
FL124,NUMBER OF TIMES (12 MOS): OTHER DRUG BEFORE OR DURING SCHOOL
Q74AX,HOW WRONG PARENTS FEEL FOR YOU TO DRINK NEARLY EVERY DAY
Q74B,HOW WRONG PARENTS FEEL FOR YOU TO SMOKE CIGARETTES
Q74C,HOW WRONG PARENTS FEEL FOR YOU TO SMOKE MARIJUANA
FL125,HOW WRONG PARENTS FEEL FOR YOU USE RX DRUGS
Q76,RULES IN MY FAMILY ARE CLEAR
Q77,FAMILY MEMBERS WITH ALCOHOL OR DRUG PROBLEMS
FL508,TALKED WITH PARENTS ABOUT RX DRUGS IN PAST 12 MONTHS
Q2909,FAMILY INSULTS OR YELLS AT EACH OTHER
Q79,PARENTS KNOW WHO I AM WITH
Q2911,FAMILY ARGUES SAME THINGS OVER AND OVER
Q82,WOULD PARENTS CATCH IF DRANK ALCOHOL
Q83,FAMILY HAS CLEAR RULES ON ALCOHOL AND DRUGS USE
Q84,WOULD PARENTS CATCH IF CARRIED GUN
Q85,WOULD PARENTS CATCH IF SKIPPED SCHOOL
Q86,PARENTS NOTICE MY GOOD JOB
Q89,PARENTS ASK FOR INPUT ON FAMILY DECISIONS
Q91,HOW OFTEN PARENTS PRAISE
Q93,DO YOU ENJOY SPENDING TIME WITH MOTHER
Q94,DO YOU ENJOY SPENDING TIME WITH FATHER
Q96,COULD ASK MOM OR DAD FOR HELP WITH PROBLEMS
Q99,HAVE CHANCES TO DO FUN THINGS WITH PARENTS
Q78,PARENTS ASK ABOUT HOMEWORK
Q2910,FAMILY HAS SEROUS ARGUEMENTS
Q80,PARENTS KNOW IF HOME ON TIME
FL509,HOURS OF SLEEP ON AVERAGE SCHOOL NIGHT
FL510X,HOURS PER WEEK HANGING WITH FRIENDS WITH NO ADULTS PRESENT